ID,SPECIES_NAME,TYPE_1,HEALTH,ATTACK,DEFENSE,SPEED,GENDER
1,Guthling,EARTH,50,50,50,50,100
2,Guthbird,EARTH,100,100,100,100,100
3,Guthraptor,EARTH,150,150,150,150,100
4,Zamling,FIRE,50,50,50,50,50
5,Zambird,FIRE,100,100,100,100,50
6,Zamohawk,FIRE,150,150,150,150,50
7,Saraling,WATER,50,50,50,50,0
8,Sarabird,WATER,100,100,100,100,0
9,Saraowl,WATER,150,150,150,150,0
10,Chick,NONE,,,,,
11,Chicken_Normal_Form,NONE,,,,,
12,Dreadfowl,NONE,,,,,
13,Chicken_Varrock_Form,NONE,,,,,
14,Chicken_Diving_Form,NONE,,,,,
15,Chicken_Karamja_Form,NONE,,,,,
16,Chicken_Death_Form,NONE,,,,,
17,Chicken_Bandosian_Form,NONE,,,,,
18,Chicken_War_Form,NONE,,,,,
19,Rooster_Normal_Form,NONE,,,,,
20,Ernest,NONE,,,,,
21,Rooster_Karamja_Form,NONE,,,,,
22,Oomlie,NONE,,,,,
23,Rooster_Bandosian_Form,NONE,,,,,
24,Chicken_Famine_Form,NONE,,,,,
25,Rooster_Varrock_Form,NONE,,,,,
26,Chicken_Pestilence_Form,NONE,,,,,
27,Chicken_Lizard_Form,NONE,,,,,
28,Chicken_Undead_Form,NONE,,,,,
29,Chicken_Mystery_Form,NONE,,,,,
30,EvilChicken,NONE,,,,,
31,Swordchick,NONE,,,,,
32,Newtroost,NONE,,,,,
33,Calf,NONE,,,,,
34,Cow,NONE,,,,,
35,Super_Cow,NONE,,,,,
36,Cow_Dairy_Form,NONE,,,,,
37,Cow_Undead_Form,NONE,,,,,
38,Cow_Chocolate_Form,NONE,,,,,
39,Cow_Strawberry_Form,NONE,,,,,
40,Cow_Vanilla_Form,NONE,,,,,
41,Cow_Harlequin_Form,NONE,,,,,
42,SkeletalOx_Female_Form,NONE,,,,,
43,Bull,NONE,,,,,
44,Bull_Elder_Form,NONE,,,,,
45,SkeletalOx_Male_Form,NONE,,,,,
46,Trojan_Cow,NONE,,,,,
47,Cow_Plague_Form,NONE,,,,,
48,Minotaur_Normal_Form,NONE,,,,,
49,Minotaur_Rune_Form,NONE,,,,,
50,Unicow,NONE,,,,,
51,Rat_Normal_Form,NONE,,,,,
52,Giant_Rat_Normal_Form,NONE,,,,,
53,Brine_Rat,NONE,,,,,
54,Giant_Rat_Blessed_Form,NONE,,,,,
55,Rat_Hell_Form,NONE,,,,,
56,Giant_Rat_Hell_Form,NONE,,,,,
57,Shell_Rat,NONE,,,,,
58,Rat_Crypt_Form,NONE,,,,,
59,Giant_Rat_Crypt_Form,NONE,,,,,
60,Warped_Rat,NONE,,,,,
61,Zombie_Rat,NONE,,,,,
62,Giant_Rat_Dungeon_Form,NONE,,,,,
63,Rat_King_Form,NONE,,,,,
64,Giant_Rat_King_Form,NONE,,,,,
65,Albino_Rat,NONE,,,,,
66,Angry_Rat,NONE,,,,,
67,Experiment_2_Form,NONE,,,,,
68,Lamb,NONE,,,,,
69,Sheep_White_Form,NONE,,,,,
70,Sheep_Plague_Form,NONE,,,,,
71,Sheep_Black_Form,NONE,,,,,
72,Ram_Fluffy_Form,NONE,,,,,
73,Ram_Shaggy_Form,NONE,,,,,
74,Ram_Golden_Form,NONE,,,,,
75,Sheep_Pirate_Form,NONE,,,,,
76,Goat_Billy_Form,NONE,,,,,
77,Goat_Desert_Form,NONE,,,,,
78,Goat_Mountain_Form,NONE,,,,,
79,Gorak,NONE,,,,,
80,Sardine,NONE,,,,,
81,Herring,NONE,,,,,
82,Trout_Normal_Form,NONE,,,,,
83,Swordfish,NONE,,,,,
84,Trout_Leaping_Form,NONE,,,,,
85,Sturgeon,NONE,,,,,
86,Trout_Tropical_Form,NONE,,,,,
87,Sailfish,NONE,,,,,
88,Thallasus,NONE,,,,,
89,Bass,NONE,,,,,
90,Salmon_Normal_Form,NONE,,,,,
91,Shark_Normal_Form,NONE,,,,,
92,Fury_Shark,NONE,,,,,
93,Salmon_Leaping_Form,NONE,,,,,
94,Shark_GreatWhite_Form,NONE,,,,,
95,Shark_Tiger_Form,NONE,,,,,
96,Mackerel,NONE,,,,,
97,Catfish,NONE,,,,,
98,Shark_Baron_Form,NONE,,,,,
99,Tarpon,NONE,,,,,
100,Seerfish,NONE,,,,,
101,DesertSole,NONE,,,,,
102,Sillago,NONE,,,,,
103,Wobbegong,NONE,,,,,
104,Karambwanj,NONE,,,,,
105,Karambwan,NONE,,,,,
106,Whitefish,NONE,,,,,
107,Beltfish,NONE,,,,,
108,Manta_Ray,NONE,,,,,
109,Cod,NONE,,,,,
110,Rainbow,NONE,,,,,
111,Shark_Golden_Form,NONE,,,,,
112,Pike,NONE,,,,,
113,Monkfish_Normal_Form,NONE,,,,,
114,AnglerFish,NONE,,,,,
115,Giant_Carp,NONE,,,,,
116,Monkfish_Fresh_Form,NONE,,,,,
117,Monkfish_Golden_Form,NONE,,,,,
118,GoblinFish,NONE,,,,,
119,Pet_Fish,NONE,,,,,
120,Gilbert,NONE,,,,,
121,Cavefish,NONE,,,,,
122,Rocktail,NONE,,,,,
123,Eel_Slimy_Form,NONE,,,,,
124,Eel_Cave_Form,NONE,,,,,
125,Eel_Sacred_Form,NONE,,,,,
126,Eel_Lava_Form,NONE,,,,,
127,Eel_Infernal_Form,NONE,,,,,
128,Eel_Mottled_Form,NONE,,,,,
129,Eel_Short_Finned_Form,NONE,,,,,
130,Eel_Salve_Form,NONE,,,,,
131,Eel_Dusk_Form,NONE,,,,,
132,Cave_Moray,NONE,,,,,
133,Vile_Fish,NONE,,,,,
134,Piglet,NONE,,,,,
135,Pig,NONE,,,,,
136,Pigzilla,NONE,,,,,
137,Puppy_Pup_Form,NONE,,,,,
138,Puppy_Mutt_Form,NONE,,,,,
139,Terrier,NONE,,,,,
140,Sheepdog,NONE,,,,,
141,Dalmatian,NONE,,,,,
142,Greyhound,NONE,,,,,
143,Bulldog,NONE,,,,,
144,Labrador,NONE,,,,,
145,Corgi,NONE,,,,,
146,Terror_Dog,NONE,,,,,
147,Stray_Dog,NONE,,,,,
148,Muncher,NONE,,,,,
149,Hellpuppy,NONE,,,,,
150,Hellhound,NONE,,,,,
151,Cerberus,NONE,,,,,
152,Kitten,NONE,,,,,
153,Cat_Normal_Form,NONE,,,,,
154,Cat_Overgrown_Form,NONE,,,,,
155,Cat_Lazy_Form,NONE,,,,,
156,Cat_Wily_Form,NONE,,,,,
157,Cat_Purple_Form,NONE,,,,,
158,Cat_Hell_Form,NONE,,,,,
159,Cat_Post_Form,NONE,,,,,
160,Cat_Sunken_Form,NONE,,,,,
161,Bob,NONE,,,,,
162,Evil_Bob,NONE,,,,,
163,Pet_Rock,NONE,,,,,
164,Rock_Polished_Form,NONE,,,,,
165,Pillar,NONE,,,,,
166,Rock_Soup,NONE,,,,,
167,Slagilith,NONE,,,,,
168,Rock_Strange_Form,NONE,,,,,
169,Rock_Golden_Form,NONE,,,,,
170,Party_Rock,NONE,,,,,
171,Strykewyrm_Freezy_Form,NONE,,,,,
172,Strykewyrm_Leafy_Form,NONE,,,,,
173,Strykewyrm_Sandy_Form,NONE,,,,,
174,Strykewyrm_Wildy_Form,NONE,,,,,
175,Scorpling,NONE,,,,,
176,Scorpion_Normal_Form,NONE,,,,,
177,Scorpion_Pit_Form,NONE,,,,,
178,Scorpion_Poison_Form,NONE,,,,,
179,Scorpion_King_Form,NONE,,,,,
180,Scorpion_Grave_Form,NONE,,,,,
181,Scorpion_Corrupted_Form,NONE,,,,,
182,Scorpion_Reanimated_Form,NONE,,,,,
183,Scorpion_Gauntlet_Crystalline_Form,NONE,,,,,
184,Scorpion_Gauntlet_Corrupted_Form,NONE,,,,,
185,Scorpion_Khazard_Form,NONE,,,,,
186,Scorpion_Spirit_Form,NONE,,,,,
187,Scorpia,NONE,,,,,
188,Dreadnip,NONE,,,,,
189,Peepling,NONE,,,,,
190,Sneakrpeep,NONE,,,,,
191,Runtstable,NONE,,,,,
192,Basilisk,NONE,,,,,
193,Baby_Mole,NONE,,,,,
194,Giant_Mole,NONE,,,,,
195,Squirrel,NONE,,,,,
196,Ravenling,NONE,,,,,
197,Raven_Normal_Form,NONE,,,,,
198,Raven_Nevermore_Form,NONE,,,,,
199,Raven_Spooky_Form,NONE,,,,,
200,Raven_Crystal_Form,NONE,,,,,
201,Crow,NONE,,,,,
202,Magpie,NONE,,,,,
203,Chinchompa_Grey_Form,NONE,,,,,
204,Chinchompa_Red_Form,NONE,,,,,
205,Chinchompa_Gold_Form,,,,,,
206,Vultling,,,,,,
207,Vulture,,,,,,
208,Pengling,,,,,,
209,Penguin,,,,,,
210,Penguin_Clockwork_Form,,,,,,
211,The_Thing,,,,,,
212,Ping,,,,,,
213,Pong,,,,,,
214,Penguin_McGraw_Form,,,,,,
215,Penguin_Spy_Form,,,,,,
216,Penguin_Agent_Form,,,,,,
217,Penguin_Disguise_Cactus_Form,,,,,,
218,Penguin_Disguise_Rock_Form,,,,,,
219,Penguin_Disguise_Bush_Form,,,,,,
220,Penguin_Disguise_Box_Form,,,,,,
221,ExExParrot,,,,,,
222,Broav,,,,,,
223,Tooths,,,,,,
224,Rune_Guardian,,,,,,
225,Gnomey,,,,,,
226,Sparkles,,,,,,
227,Bat,,,,,,
228,Giant_Bat,,,,,,
229,Warped_Bat,,,,,,
230,Albino_Bat,,,,,,
231,Bat_Box_Form,,,,,,
232,Fruit_Bat,,,,,,
233,VampyreBat,,,,,,
234,Deathwing,,,,,,
235,Shaikah,,,,,,
236,Growler,,,,,,
237,Phoenling_Rebirth_Form,,,,,,
238,Phoenling_Reborn_Form,,,,,,
239,Phoenix_Rebirth_Form,,,,,,
240,Phoenix_Reborn_Form,,,,,,
241,Plant_Strange_Form,,,,,,
242,Plant_Stranger_Form,,,,,,
243,EvilTurnip,,,,,,
244,Creature_Cute_Form,,,,,,
245,Creature_Evil_Form,,,,,,
246,Baby_Yak,,,,,,
247,Yak_Normal_Form,,,,,,
248,Yak_Pack_Form,,,,,,
249,Yak_Sacred_Form,,,,,,
250,Yak_ClueScroll_Form,,,,,,
251,Yak_Undead_Form,,,,,,
252,Yak_Snack_Form,,,,,,
253,Minitrice,,,,,,
254,Cockatrice,,,,,,
255,Guthatrice,,,,,,
256,Zamatrice,,,,,,
257,Saratrice,,,,,,
258,Corxatrice,,,,,,
259,Vulatrice,,,,,,
260,Pengatrice,,,,,,
261,Chocatrice,,,,,,
262,Sproutling_Summer_Form,,,,,,
263,Sproutling_Spring_Form,,,,,,
264,Sproutling_Winter_Form,,,,,,
265,Sproutling_Autumn_Form,,,,,,
266,Rue,,,,,,
267,Monty,,,,,,
268,Zygomite,,,,,,
269,Abyssaling,,,,,,
270,Abyssal_Minion_Form,,,,,,
271,Abyssal_Demon_Form,,,,,,
272,Abyssal_Sire_Form,,,,,,
273,Abyssal_Leech_Form,,,,,,
274,Abyssal_Parasite_Form,,,,,,
275,Abyssal_Lurker_Form,,,,,,
276,Abyssal_Walker_Form,,,,,,
277,Abyssal_Titan_Form,,,,,,
278,Tz_Kih,,,,,,
279,Tz_Kek,,,,,,
280,Tok_Xil,,,,,,
281,Tz_Kih_Spirit_Form,,,,,,
282,Ket_Dill,,,,,,
283,Ket_Zek,,,,,,
284,Yt_HurKot,,,,,,
285,Yt_MejKot,,,,,,
286,TzRek_Jad,,,,,,
287,TzTok_Jad,,,,,,
288,JalTok_Jad,,,,,,
289,Jal_MejRah,,,,,,
290,Jal_Ak,,,,,,
291,Jal_Xil,,,,,,
292,Jal_Nib,,,,,,
293,Jal_ImKot,,,,,,
294,Jal_Zek,,,,,,
295,TzKal_Zuk,,,,,,
296,Duckling,,,,,,
297,Swan,,,,,,
298,Duck_Normal_Form,,,,,,
299,Mega_Duck,,,,,,
300,Duck_Cart_Form,,,,,,
301,Platypode,,,,,,
302,Platypus,,,,,,
303,Fledgling,,,,,,
304,Dagannoth_Normal_Form,,,,,,
305,Dagannoth_Guardian_Form,,,,,,
306,Dagannoth_King_Range_Form,,,,,,
307,Dagannoth_King_Magic_Form,,,,,,
308,Dagannoth_King_Melee_Form,,,,,,
309,Dagannoth_King_Range_Mega_Form,,,,,,
310,Dagannoth_King_Magic_Mega_Form,,,,,,
311,Dagannoth_King_Melee_Mega_Form,,,,,,
312,Chaos_Ele,,,,,,
313,Chaos_Ele_Mega_Form,,,,,,
314,Bandling,,,,,,
315,Bandbird,,,,,,
316,Bandeagle,,,,,,
317,Zaroling,,,,,,
318,Zarobird,,,,,,
319,Zaraven,,,,,,
320,Sereling,,,,,,
321,Serebird,,,,,,
322,Serepea,,,,,,
323,Frogspawn,,,,,,
324,Frog_Normal_Form,,,,,,
325,Giant_Frog_Normal_Form,,,,,,
326,Giant_Frog_Royal_Form,,,,,,
327,Frog_Bloated_Form,,,,,,
328,Frog_Balloon_Form,,,,,,
329,Toad_Barker_Form,,,,,,
330,Frogeel,,,,,,
331,Spiderling,,,,,,
332,Spider_Giant_Form,,,,,,
333,Spider_DeadlyRed_Form,,,,,,
334,Spider_Jungle_Form,,,,,,
335,Spider_Blessed_Form,,,,,,
336,Spider_Huge_Form,,,,,,
337,Spider_Night_Form,,,,,,
338,Spider_Ice_Form,,,,,,
339,Spider_Spirit_Form,,,,,,
340,Eek,,,,,,
341,MinstrlWeb,,,,,,
342,Sarachnis,,,,,,
343,Venenatis,,,,,,
344,Spidine,,,,,,
345,Crayfish,,,,,,
346,Shrimp,,,,,,
347,Lobster_Normal_Form,,,,,,
348,Lobster_Golden_Form,,,,,,
349,Lobster_Giant_Form,,,,,,
350,Lobster_Heim_Form,,,,,,
351,Lobster_Obsidian_Form,,,,,,
352,Crab_Red_Form,,,,,,
353,Giant_Crab_Red_Form,,,,,,
354,Crab_Moss_Form,,,,,,
355,Giant_Crab_Moss_Form,,,,,,
356,Crab_RumPumped_Form,,,,,,
357,Giant_Crab_RumPumped_Form,,,,,,
358,Crab_Dark_Form,,,,,,
359,Giant_Crab_Dark_Form,,,,,,
360,Crab_Grey_Form,,,,,,
361,Giant_Crab_Grey_Form,,,,,,
362,Knife_Crab,,,,,,
363,Heim_Crab,,,,,,
364,WebSnipper,,,,,,
365,Blue_Crab,,,,,,
366,Crablet_First_Form,,,,,,
367,Crablet_Second_Form,,,,,,
368,Crablet_Third_Form,,,,,,
369,Crablet_Forth_Form,,,,,,
370,Crablet_Fifth_Form,,,,,,
371,Crawler_Cave_Form,,,,,,
372,Crawler_Chasm_Form,,,,,,
373,Crawler_Monstrous_Form,,,,,,
374,Winston,,,,,,
375,Tortoise_Normal_Form,,,,,,
376,Tortoise_Warped_Form,,,,,,
377,Tortoise_War_Form,,,,,,
378,Valluta,,,,,,
379,Sea_Turtle,,,,,,
380,Sea_Turtle_Treasure_Form,,,,,,
381,Herbert,,,,,,
382,Xinachto,,,,,,
383,Cave_Slime,,,,,,
384,Jelly_Normal_Form,,,,,,
385,Jelly_Warped_Form,,,,,,
386,Jelly_Spirit_Form,,,,,,
387,AbbySpectr,,,,,,
388,Salamander_Green_Form,,,,,,
389,Salamander_Orange_Form,,,,,,
390,Salamander_Red_Form,,,,,,
391,Salamander_Black_Form,,,,,,
392,Salamander_Augmented_Form,,,,,,
393,Gecko,,,,,,
394,Chameleon,,,,,,
395,Bloodveld,,,,,,
396,Bloodveld_Insatiable_Physical,,,,,,
397,Bloodveld_RSHD,,,,,,
398,Bloodveld_Mutated,,,,,,
399,Bloodveld_Insatiable_Special,,,,,,
400,Reaver,,,,,,
401,Armaling,,,,,,
402,Armabird,,,,,,
403,Armafalcon,,,,,,
404,Ungodling,,,,,,
405,Ungodbird,,,,,,
406,Ungodgeon,,,,,,
407,Tumekling,,,,,,
408,Tumekbird,,,,,,
409,Tumekibis,,,,,,
410,Kerrit,,,,,,
411,Snuffle,,,,,,
412,Popoca,,,,,,
413,Choloa,,,,,,
414,Durzag,,,,,,
415,Yakamaru,,,,,,
416,Chompy,,,,,,
417,Jubbly,,,,,,
418,Jubster,,,,,,
419,Terrorbird_Normal_Form,,,,,,
420,Terrorbird_Warped_Form,,,,,,
421,Terrorbird_Spirit_Form,,,,,,
422,Wolf_Juvenile_Form,,,,,,
423,Wolf_Normal_Form,,,,,,
424,Wolf_Fenris_Form,,,,,,
425,Wolf_White_Form,,,,,,
426,Rover,,,,,,
427,Wolf_Dire_Form,,,,,,
428,Wolf_Jungle_Form,,,,,,
429,Wolf_Skoll_Form,,,,,,
430,Wolf_Desert_Form,,,,,,
431,Wolf_Hati_Hati,,,,,,
432,Wolf_Spirit_Form,,,,,,
433,Fox,,,,,,
434,Inari,,,,,,
435,Helwyr,,,,,,
436,Bird_Nest,,,,,,
437,Birds_Nest_God_Form,,,,,,
438,Pigeon,,,,,,
439,Pheasant,,,,,,
440,Rocling,,,,,,
441,Roc,,,,,,
442,Foal,,,,,,
443,Unicorn_White_Form,,,,,,
444,Unicorn_Stallion_Form,,,,,,
445,Unicorn_Black_Form,,,,,,
446,Unicorn_Angry_Form,,,,,,
447,Unicorn_Reanimated_Form,,,,,,
448,Starlight,,,,,,
449,Pawya,,,,,,
450,Grenwall,,,,,,
451,Bear_Cub,,,,,,
452,Bear_Normal_Form,,,,,,
453,Bear_Reanimated_Form,,,,,,
454,Bear_Gauntlet_Crystalline_Form,,,,,,
455,Callisto,,,,,,
456,Polar_Bear_Normal_Form,,,,,,
457,Polar_Bear_PBJ_Agent_Form,,,,,,
458,Polar_Bear_Arctic_Form,,,,,,
459,Polar_Bear_Nanuq_Form,,,,,,
460,Bear_Grizzly_Form,,,,,,
461,Kendall,,,,,,
462,Bear_Gauntlet_Corrupted_Form,,,,,,
463,Bear_Angry_Form,,,,,,
464,Graahk_Normal_Form,,,,,,
465,Graahk_Spirit_Form,,,,,,
466,Dust_Devil,,,,,,
467,SmokeDevil,,,,,,
468,SmokeDevil_Nuclear_Form,,,,,,
469,ChokeDevil,,,,,,
470,SmokeDevil_Thermonuclear_Form,,,,,,
471,Hatchling,,,,,,
472,Dragonling_Green_Form,,,,,,
473,Dragon_Green_Form,,,,,,
474,Dragon_Brutal_Green_Form,,,,,,
475,Dragonling_Blue_Form,,,,,,
476,Dragon_Blue_Form,,,,,,
477,Dragon_Brutal_Blue_Form,,,,,,
478,Dragonling_Red_Form,,,,,,
479,Dragon_Red_Form,,,,,,
480,Dragon_Brutal_Red_Form,,,,,,
481,Dragonling_Black_Form,,,,,,
482,Dragon_Black_Form,,,,,,
483,Dragon_Brutal_Black_Form,,,,,,
484,Dragon_ThreeHeaded_Form,,,,,,
485,Elvarg,,,,,,
486,Dragon_King_Black_Form,,,,,,
487,Dragon_Queen_Black_Form,,,,,,
488,Hand_Creeping_Form,,,,,,
489,Hand_Crawling_Form,,,,,,
490,Hand_Skeletal_Form,,,,,,
491,Hand_Crushing_Form,,,,,,
492,Hand_Zombie_Form,,,,,,
493,Turoth,,,,,,
494,Turoth_Mightiest_Form,,,,,,
495,Big_Turoth,,,,,,
496,Sockroth,,,,,,
497,Lilrask,,,,,,
498,Kurask,,,,,,
499,Kurask_King_Form,,,,,,
500,Kurask_Overlord_Form,,,,,,
501,Kebbit,,,,,,
502,Kebbit_Polar_Form,,,,,,
503,Kebbit_Sabre_Form,,,,,,
504,Kebbit_Spotted_Form,,,,,,
505,Kebbit_Dark_Form,,,,,,
506,Kebbit_Dashing_Form,,,,,,
507,Kebbit_Wild_Form,,,,,,
508,Kebbit_Prickly_Form,,,,,,
509,Kebbit_Razor_Form,,,,,,
510,Kebbit_Big_Form,,,,,,
511,Kebbit_DesertDevil_Form,,,,,,
512,Kebbit_Feldip_Weasel_Form,,,,,,
513,Kebbit_Barbed_Form,,,,,,
514,Kebbit_Diseased_Form,,,,,,
515,Kebbit_Chocolate_Form,,,,,,
516,Monkey_Normal_Form,,,,,,
517,Monkey_Ninja_Form,,,,,,
518,Gorilla_Normal_Form,,,,,,
519,Monkey_Zombie_Form,,,,,,
520,Gorilla_Ancient_Form,,,,,,
521,Monkey_Harmless_Form,,,,,,
522,Monkey_Ghost_Form,,,,,,
523,Gorilla_Ayuni_Form,,,,,,
524,Gorilla_Leeuni_Form,,,,,,
525,Gorilla_Eruni_Form,,,,,,
526,Monkey_Karamja_Baby_Form,,,,,,
527,Monkey_Karamja_Adult_Form,,,,,,
528,Larupia_Normal_Form,,,,,,
529,Larupia_Spirit_Form,,,,,,
530,Kyatt_Normal_Form,,,,,,
531,Kyatt_Spirit_Form,,,,,,
532,Crabling,,,,,,
533,Rock_Crab_Normal_Form,,,,,,
534,Rock_Crab_Giant_Normal_Form,,,,,,
535,Rock_Crab_Ammonite_Form,,,,,,
536,Rock_Crab_Giant_Ammonite_Form,,,,,,
537,Rock_Crab_Sand_Form,,,,,,
538,Rock_Crab_Giant_Sand_Form,,,,,,
539,Rock_Crab_Swamp_Form,,,,,,
540,Rock_Crab_Giant_Swamp_Form,,,,,,
541,Crab_Granite_Form,,,,,,
542,Lobster_Granite_Form,,,,,,
543,Lobster_Rock_Form,,,,,,
544,Rabbit,,,,,,
545,Wolperting,,,,,,
546,Bunyip,,,,,,
547,TalonBeast_Talon_Form,,,,,,
548,TalonBeast_Nail_Form,,,,,,
549,Ferret,,,,,,
550,Toy_Mouse,,,,,,
551,Toy_Doll,,,,,,
552,Toy_Soldier,,,,,,
553,Cat_Clockwork_Form,,,,,,
554,Magicarpet,,,,,,
555,Anichair,,,,,,
556,Exoraxe,,,,,,
557,Spookaxe,,,,,,
558,Dobbin,,,,,,
559,Marionette,,,,,,
560,DragonKite,,,,,,
561,Animour,,,,,,
562,Dead_Tree,,,,,,
563,Jadinko,,,,,,
564,Killerwatt,,,,,,
565,Mackers,,,,,,
566,Turkey_Female_Form,,,,,,
567,Turkey_Male_Form,,,,,,
568,Turkey_Protestor_Form,,,,,,
569,Toucan_Tenacious_Male_Form,,,,,,
570,Toucan_Tenacious_Female_Form,,,,,,
571,Toucan_Tuai_Leit_Form,,,,,,
572,Jellyfish_Blubber_Form,,,,,,
573,Jellyfish,,,,,,
574,Pure,,,,,,
575,Rune,,,,,,
576,Essence,,,,,,
577,Seagull_Normal_Form,,,,,,
578,Pelican,,,,,,
579,Albatross,,,,,,
580,Seagull_Hattenkrapper_Form,,,,,,
581,Seagull_Koppenploppen_Form,,,,,,
582,Seagull_Steven_Form,,,,,,
583,Ibis,,,,,,
584,DesertWyrm,,,,,,
585,Wyrm,,,,,,
586,Snake_Normal_Form,,,,,,
587,Cobra_Normal_Form,,,,,,
588,Cobra_Spirit_Form,,,,,,
589,Juna,,,,,,
590,Snake_Sea_Form,,,,,,
591,Big_Snake_Sea_Form,,,,,,
592,Thingumwut,,,,,,
593,Experiment_3_Form,,,,,,
594,Cabbage,,,,,,
595,Ughtanki,,,,,,
596,Camel,,,,,,
597,Camel_Warrior_Form,,,,,,
598,BalanceEle,,,,,,
599,Kalphite_Larva_Form,,,,,,
600,Kalphite_Worker_Form,,,,,,
601,Kalphite_Soldier_Form,,,,,,
602,Kalphite_Spirit_Form,,,,,,
603,Kalphite_Guardian_Form,,,,,,
604,Kalphite_Queen_Form,,,,,,
605,Kalphite_Queen_Mega_Form,,,,,,
606,Kalphite_Paragon_Form,,,,,,
607,Kalphite_Corrupted_Form,,,,,,
608,Kalphite_Marauder_Form,,,,,,
609,Kalphite_King_Form,,,,,,
610,Kalphite_Dung_Form,,,,,,
611,Kalphite_Reanimated_Form,,,,,,
612,Abyssal_Demon_Reanimated_Form,,,,,,
613,Bat_Gauntlet_Corrupted_Form,,,,,,
614,Bat_Gauntlet_Crystalline_Form,,,,,,
615,Bloodveld_Reanimated_Form,,,,,,
616,Dark_Beast_Gauntlet_Corrupted_Form,,,,,,
617,Dark_Beast_Gauntlet_Crystalline_Form,,,,,,
618,Dark_Beast_Pup_Form,,,,,,
619,Dark_Beast_Normal_Form,,,,,,
620,Dark_Beast_Sotetseg_Form,,,,,,
621,Experiment_4_Form,,,,,,
622,Experiment_5_Form,,,,,,
623,Ganodermic_Beast,,,,,,
624,Grifolapine,,,,,,
625,Grifolaroo,,,,,,
626,Sporaxe,,,,,,
627,Headless_Beast,,,,,,
628,Behemoth_Normal_Form,,,,,,
629,Behemoth_Adolscent_Form,,,,,,
630,Siege_Beast,,,,,,
631,Bulwark_Beast,,,,,,
632,Behemoth_Gluttonous_Form,,,,,,
633,Behemoth_Runebound_Form,,,,,,
634,Stomp,,,,,,
635,Hope_Devourer,,,,,,
636,Karamthulu_Overlord,,,,,,
637,Light_Creature,,,,,,
638,Minotaur_Reanimated_Form,,,,,,
639,Monkey_Reanimated_Form,,,,,,
640,Rat_Gauntlet_Corrupted_Form,,,,,,
641,Rat_Gauntlet_Crystalline_Form,,,,,,
642,Rat_Fungal_Form,,,,,,
643,Sparky,,,,,,
644,Spider_Corpse_Form,,,,,,
645,Spider_Fever_Form,,,,,,
646,Spider_Lava_Form,,,,,,
647,Spider_Shadow_Form,,,,,,
648,Stalker,,,,,,
649,Soulgazer,,,,,,
650,Stalker_Sentinel_Form,,,,,,
651,Night_Gazer,,,,,,
652,Plane_Freezer,,,,,,
653,World_Gorger,,,,,,
654,Flesh_Spoiler_Covered_Form,,,,,,
655,Shadow_Forger,,,,,,
656,Veil_Ripper,,,,,,
657,Unicorn_Gauntlet_Corrupted_Form,,,,,,
658,Unicorn_Gauntlet_Crystalline_Form,,,,,,
659,Wolf_Cave_Form,,,,,,
660,Wolf_Dragon_Form,,,,,,
661,Shadow_Hound,,,,,,
662,Border_Collie,,,,,,
663,Bloodhound,,,,,,
664,Guard_Dog,,,,,,
665,Lycurgus,,,,,,
666,Yak_Moorrissey_Form,,,,,,
667,Yak_Robin_Form,,,,,,
668,Yak_Yaktrick_Form,,,,,,
669,Cabbage_Sister_Form,,,,,,
670,Cabbage_Crispy_Form,,,,,,
671,Strykewyrm_Mini_Form,,,,,,
672,Crocodile_Normal_Form,,,,,,
673,Crocodile_Mutadile_Form,,,,,,
674,Crocodile_Ankh_Form,,,,,,
675,Crocodile_Ukunduka_Form,,,,,,
676,Bloodveld_GWD,,,,,,
677,Bloodveld_Acidic_Form,,,,,,
678,Bloodveld_Vampiric_Form,,,,,,
679,Bloodveld_RS3_Form,,,,,,
680,Beaver,,,,,,
681,Giant_Beaver,,,,,,
682,Raccoon,,,,,,
683,Ralph,,,,,,
684,Rocky,,,,,,
685,Honey_Badger,,,,,,
686,Squirrel_Giant_Form,,,,,,
687,Squirrel_Australian_Form,,,,,,
688,Jade_Vine,,,,,,
689,Klik,,,,,,
690,Jackalope,,,,,,
691,Imp,,,,,,
692,Demon_Lesser_RS3_Form,,,,,,
693,Demon_Greater_RS3_Form,,,,,,
694,Demon_Kalgerion_Form,,,,,,
695,Demon_Thundereous_Form,,,,,,
696,Demon_Ripper_Form,,,,,,
697,Demon_Lesser_OSRS_Form,,,,,,
698,Demon_Greater_OSRS_Form,,,,,,
699,Demon_Tstanon_Form,,,,,,
700,Demon_Tormented_Form,,,,,,
701,Delrith,,,,,,
702,Demon_Lesser_Tongue_Form,,,,,,
703,Demon_Greater_Tongue_Form,,,,,,
704,Demon_Zakln_Form,,,,,,
705,Demon_Pummeler_Form,,,,,,
706,Demon_Chocolate_Form,,,,,,
707,Demon_Lesser_Black_Form,,,,,,
708,Demon_Greater_Black_Form,,,,,,
709,Demon_Balfrug_Form,,,,,,
710,Demon_Jungle_Form,,,,,,
711,Demon_Riftsplitter_Form,,,,,,
712,Snow_Imp,,,,,,
713,Demon_Ice_OSRS_Form,,,,,,
714,Demon_Ice_RS3_Form,,,,,,
715,Demon_Bloodchiller_Form,,,,,,
716,Demon_Reanimated_Form,,,,,,
717,Kril_Tsutsaroth,,,,,,
718,Pyrefiend,,,,,,
719,Pyrelord,,,,,,
720,Waterfiend,,,,,,
721,Waterlord,,,,,,
722,Icefiend,,,,,,
723,Icelord,,,,,,
724,Impling_Baby_Form,,,,,,
725,Impling_Magpie_Form,,,,,,
726,Impling_Dragon_Form,,,,,,
727,Impling_Kingly_Form,,,,,,
728,Impling_Lucky_Form,,,,,,
729,Penance_Spawn,,,,,,
730,Penance_Healer,,,,,,
731,Penance_Ranger,,,,,,
732,Penance_Runner,,,,,,
733,Penance_Fighter,,,,,,
734,Penance_Queen,,,,,,
735,Penance_King,,,,,,
736,Void_Leech,,,,,,
737,Void_Torcher,,,,,,
738,Void_Shifter,,,,,,
739,Void_Brawler,,,,,,
740,Void_Defiler,,,,,,
741,Void_Splatter,,,,,,
742,Void_Ravager,,,,,,
743,Void_Spinner,,,,,,
744,Void_Drone,,,,,,
745,Void_Queen,,,,,,
746,Anchovy,,,,,,
747,Anchovy_Pizza_Form,,,,,,
748,Red_Eye,,,,,,
749,Flatfish,,,,,,
750,Bouldabass,,,,,,
751,Mudskipper,,,,,,
752,Basilisk_Baby_Form,,,,,,
753,Basilisk_RS3_Form,,,,,,
754,Basilisk_OSRS_Form,,,,,,
755,Basilisk_Knight_Form,,,,,,
756,Spider_Ungael_Form,,,,,,
757,Spider_Crypt_Form,,,,,,
758,Spider_Temple_Form,,,,,,
759,Spider_ApeAtoll_Form,,,,,,
760,Catablepon,,,,,,
761,Protomastyx,,,,,,
762,Tyrannomastyx,,,,,,
763,Pig_War_Form,,,,,,
764,Pig_Prayer_Form,,,,,,
765,Pig_Pack_Form,,,,,,
766,Herbiboar,,,,,,
767,Goat_Clay_Form,,,,,,
768,Goat_SacredClay_Form,,,,,,
769,Goat_PrimordialClay_Form,,,,,,
770,Shadeel,,,,,,
771,Golem_Titan,,,,,,
772,Moss_Titan,,,,,,
773,Iron_Titan,,,,,,
774,Steel_Titan,,,,,,
775,Lava_Titan,,,,,,
776,Obsidian_Golem,,,,,,
777,Swamp_Titan,,,,,,
778,Ice_Titan,,,,,,
779,Fire_Titan,,,,,,
780,Geysir_Titan,,,,,,
781,Dark_Core,,,,,,
782,Corporeal_Beast,,,,,,
783,Corporeal_Beast_Zanik_Form,,,,,,
784,Compost_Mound,,,,,,
785,Ent,,,,,,
786,Derwen,,,,,,
787,Cockroach_Drone,,,,,,
788,Cockroach_Worker,,,,,,
789,Cockroach_Soldier,,,,,,
790,Cockroach_Warped_Form,,,,,,
791,Fiara,,,,,,
792,Cave_Bug,,,,,,
793,Malcolm,,,,,,
794,Meerkats,,,,,,
795,Origami_Balloon,,,,,,
796,Krill_Balloon,,,,,,
797,Balloon_Goat,,,,,,
798,Dagannoth_Mother,,,,,,
799,Gelatinnoth,,,,,,
800,Dagannoth_Daughter,,,,,,
801,Dagannoth_Reanimated_Form,,,,,,
802,Dagannoth_Spirit_Form,,,,,,
803,Flambeed,,,,,,
804,AgrithNaNa,,,,,,
805,Karamel,,,,,,
806,Dessourt,,,,,,
807,Sharkizard,,,,,,
808,Basstoise,,,,,,
809,Raventzhaar,,,,,,
810,Wall_Beast,,,,,,
811,Wall_Beast_Mega_Form,,,,,,
812,Sourhog,,,,,,
813,Hand_Farmhand_Form,,,,,,
814,Hand_Stuffed_Form,,,,,,
815,Hand_BrokenFingers_Form,,,,,,
816,Hand_DeadHand_Form,,,,,,
817,Hand_Dungeoneering_Form,,,,,,
818,Snake_Desert_Form,,,,,,
819,Snake_Poison_Form,,,,,,
820,Snake_Swamp_Form,,,,,,
821,Icxan,,,,,,
822,Skeletal_Wyvern,,,,,,
823,Wyvern,,,,,,
824,Impling_Gourmet_Form,,,,,,
825,Impling_Earth_Form,,,,,,
826,Impling_Young_Form,,,,,,
827,Impling_Pirate_Form,,,,,,
828,Impling_Ninja_Form,,,,,,
829,Impling_Zombie_Form,,,,,,
830,Impling_Eclectic_Form,,,,,,
831,Impling_Crystal_Form,,,,,,
832,Impling_Nature_Form,,,,,,
833,Impling_Essence_Form,,,,,,
834,Impling_Divine_Form,,,,,,
835,Impling_Spirit_Form,,,,,,
836,Araxyte_Baby,,,,,,
837,Araxyte_Acidic,,,,,,
838,Araxyte_Mirrorback,,,,,,
839,Araxyte_Pulsing,,,,,,
840,Araxxor,,,,,,
841,Araxxi,,,,,,
842,Glacor_Enduring_Form,,,,,,
843,Glacor_Sapping_Form,,,,,,
844,Glacor_Unstable_Form,,,,,,
845,Glacor,,,,,,
846,Glacor_Arch_Form,,,,,,
847,Jadinko_Common_Form,,,,,,
848,Jadinko_Male_Form,,,,,,
849,Jadinko_Queen,,,,,,
850,Ruby_Harvest,,,,,,
851,Sapphire_Glacialis,,,,,,
852,Snow_Knight,,,,,,
853,Black_Warlock,,,,,,
854,Forge_Regent,,,,,,
855,Guthixian_Butterfly,,,,,,
856,Charming_Moth,,,,,,
857,Treborn,,,,,,
858,Draugen,,,,,,
859,Macaw,,,,,,
860,The_Illusive,,,,,,
861,Doubt,,,,,,
862,Everlasting,,,,,,
863,Untouchable,,,,,,
864,Inadequacy,,,,,,
865,Chinchompa_Baby,,,,,,
866,Chinchompa_Grey_Baby,,,,,,
867,Chinchompa_Red_Baby,,,,,,
868,Chinchompa_Cobalt,,,,,,
869,Chinchompa_Viridian,,,,,,
870,Chinchompa_Crystal,,,,,,
871,Chinchompa_Plutonial,,,,,,
872,Chinchompa_Mechanized,,,,,,
873,Chinchompa_Crimson,,,,,,
874,Chinchompa_Black,,,,,,
875,Chinchompa_Giant,,,,,,
876,Vulture_RSHD_Form,,,,,,
877,Vulture_Pink_Form,,,,,,
878,Vulture_OSRS_Form,,,,,,
879,Vulture_RS3_Form,,,,,,
880,Beagle,,,,,,
881,Pug,,,,,,
882,Huskie,,,,,,
883,Shiba,,,,,,
884,Polar_Bear_Punished,,,,,,
885,Lobstrocity,,,,,,
886,Salamander_Yellow_Form,,,,,,
887,Abyssal_DeepSea_Walker,,,,,,
888,Abyssal_DeepSea_Leech,,,,,,
889,Abyssal_DeepSea_Guardian,,,,,,
890,Rift_Guardian,,,,,,
891,Coral_Guardian,,,,,,
892,Rewards_Guardian,,,,,,
893,Baboon_Normal_Form,,,,,,
894,Baboon_Mage_Form,,,,,,
895,Baboon_Shaman_Form,,,,,,
896,Baboon_Thrower_Form,,,,,,
897,Baboon_Cursed_Form,,,,,,
898,Baboon_Thrall_Form,,,,,,
899,Baboon_Volatile_Form,,,,,,
900,Baboon_BaBa_Form,,,,,,
901,Scarab_Spitting_Form,,,,,,
902,Scarab_Soldier_Form,,,,,,
903,Scarab_Arcane_Form,,,,,,
904,Scarab_Kephri_Form,,,,,,
905,Crocodile_Red_Form,,,,,,
906,Zebak,,,,,,
907,Camel_Bank_Form,,,,,,
908,Slime_LilGloop,,,,,,
909,Slime_King,,,,,,
910,Graahk_Forsaken_Form,,,,,,
911,Zygomite_Magical_Form,,,,,,
912,Zygomite_Zanarian_Form,,,,,,
913,Zygomite_Arcspore_Form,,,,,,
914,Zygomite_Daemoncap_Form,,,,,,
915,Zygomite_Ancient_Form,,,,,,
916,Zulrah_Serpentine_Form,,,,,,
917,Zulrah_Magma_Form,,,,,,
918,Zulrah_Tanzanite_Form,,,,,,
919,Pig_Summoning_Form,,,,,,
920,TzTok_Jad_HD_Mega_Form,,,,,,
921,TzTok_Jad_RS3_Mega_Form,,,,,,
922,Abyssal_Guardian,,,,,,
923,Slime_Queen,,,,,,
924,Airut,,,,,,
925,Skotizo,,,,,,
926,Scurrius_Melee_Form,,,,,,
927,Scurrius_Ranged_Form,,,,,,
928,Scurrius_Magic_Form,,,,,,
929,Broav_Zombie_Form,,,,,,
930,Impling_Easter_Form,,,,,,
931,Impling_Snow_Form,,,,,,
932,Impling_Wandering_Form,,,,,,
933,Impling_Ghost_Form,,,,,,
934,Vorkath,,,,,,
935,Fox_Pyre,,,,,,
936,Fox_RecruitmentDrive,,,,,,
937,Fox_Fennec,,,,,,
938,Salamander_Tecu,,,,,,
939,Jerboa,,,,,,
940,Jerboa_Embertail,,,,,,
941,Antelope_Sunlight_Form,,,,,,
942,Antelope_Moonlight_Form,,,,,,
943,Capybara,,,,,,
944,Capybara_Orange,,,,,,
945,Entling,,,,,,
946,Piggles,,,,,,
947,Wolpertinger_Mega_Form,,,,,,
948,Flesh_Spoiler_Naked_Form,,,,,,
949,Flesh_Spoiler_Spawnling,,,,,,
950,Caustic_Gazer,,,,,,
951,Iris_Stalker,,,,,,
952,Animated_Book,,,,,,
953,Tome_of_Strength,,,,,,
954,Tome_of_Ranged,,,,,,
955,Tome_of_Magic,,,,,,
956,Luminescent_Icefiend,,,,,,
957,Warped_Galuga,,,,,,
958,Submastyx,,,,,,
959,Paramastyx,,,,,,
960,Archaemastyx,,,,,,
961,Dromomastyx,,,,,,
962,Spinomastyx,,,,,,
963,Gallimastyx,,,,,,
964,Stegomastyx,,,,,,
965,Megamastyx,,,,,,
966,Jelly_Alternate_Form,,,,,,
967,Jelly_Dungeoneering_Form,,,,,,
968,Jelly_Trollweiss_Form,,,,,,
969,Jelly_Vitreous_Form,,,,,,
970,Jelly_Warped_Vitreous_Form,,,,,,
971,Moth_Sunlight_Form,,,,,,
972,Moth_Moonlight_Form,,,,,,
973,Stone_of_Jas_Mega_Form,,,,,,
974,Spirit_Warrior,,,,,,
975,Spirit_Ranger,,,,,,
976,Spirit_Mage,,,,,,
977,Essling,,,,,,
978,Esshound,,,,,,
979,Esswraith,,,,,,
980,Harpy_Eagle,,,,,,
981,Reborn_Warrior,,,,,,
982,Reborn_Ranger,,,,,,
983,Reborn_Mage,,,,,,
984,Jaguar_Orange_Form,,,,,,
985,Jaguar_Black_Form,,,,,,
986,Tortle,,,,,,
987,Cockatrice_OSRS_Form,,,,,,
988,Cockathrice,,,,,,
989,Cockatrice_Moonlight,,,,,,
990,Revenant_Imp,,,,,,
991,Revenant_Dragon,,,,,,
992,Maledictus,,,,,,
993,Kalrag,,,,,,
994,Animawhal,,,,,,
995,Animasaurus,,,,,,
996,Sea_Troll_Queen,,,,,,
997,Yak_Lumber_Form,,,,,,
998,Cabbage_Shattered_World_Form,,,,,,
999,Vulture_Bearded_Form,,,,,,
1000,Kryket_Bat,,,,,,
1001,Har_Aken,,,,,,
1002,Har_Aken_Tentacle,,,,,,
1003,Spirit_Fighter,,,,,,
1004,Spirit_Archer,,,,,,
1005,Spirit_Mystic,,,,,,
1006,Spirit_Knight,,,,,,
1007,Spirit_Scout,,,,,,
1008,Spirit_Warmage,,,,,,
1009,Pomapoo,,,,,,
1010,Jadinko_Mutated,,,,,,
1011,Jadinko_Ferocious,,,,,,
1012,Jadinko_Draconic,,,,,,
1013,Jadinko_Carrion,,,,,,
1014,Jadinko_Shadow,,,,,,
1015,Jadinko_Guthix,,,,,,
1016,Jadinko_Zamorak,,,,,,
1017,Jadinko_Saradomin,,,,,,
1018,Max_Golem,,,,,,
1019,Flesh_Crawler,,,,,,
1020,Zygomite_OSRS,,,,,,
1021,Zygomite_OSRS_Ancient,,,,,,
1022,Zygomite_RSHD_Mutated,,,,,,
1023,Zygomite_Gloomshroom,,,,,,
1024,Snail,,,,,,
1025,Rockslug_RSHD,,,,,,
1026,Rockslug_OSRS,,,,,,
1027,Seaslug,,,,,,
1028,Seaslug_Prince,,,,,,
1029,Snail_Giant_OSRS,,,,,,
1030,Snail_Giant_RS3,,,,,,
1031,Snail_Thorny,,,,,,
1032,Snail_Ravenous,,,,,,
1033,Snail_Bruise_OSRS,,,,,,
1034,Snail_Bark_OSRS,,,,,,
1035,Snail_Blood_RS3,,,,,,
1036,Snail_Ochre_RS3,,,,,,
1037,Snail_Myre_RS3,,,,,,
1038,Mother_Mallum,,,,,,
1039,Lava_Dragon,,,,,,
1040,Frost_Dragon,,,,,,
1041,Dragon_Crystalline_Form,,,,,,
1042,Dragon_Corrupted_Form,,,,,,
1043,Sottlepot,,,,,,
1044,Reanimated_Dragon,,,,,,
1045,White_Dragon,,,,,,
1046,Bronze_Dragon,,,,,,
1047,Iron_Dragon,,,,,,
1048,Steel_Dragon,,,,,,
1049,Mithril_Dragon,,,,,,
1050,Adamant_Dragon,,,,,,
1051,Rune_Dragon,,,,,,
1052,Galvek,,,,,,
1053,Celestial_Dragon,,,,,,
1054,Bandotrice,,,,,,
1055,Seretrice,,,,,,
1056,Zarotrice,,,,,,
1057,Tumetrice,,,,,,
1058,Ungotrice,,,,,,
1059,Armatrice,,,,,,
1060,Spirit_Cockatrice,,,,,,
1061,Seagutrice,,,,,,
1062,Coocatrice,,,,,,
1063,Pheatrice,,,,,,
1064,Mini_Marm,,,,,,
1065,Richie,,,,,,
1066,Cpt_Marlin,,,,,,
1067,Barrelchest,,,,,,
1068,Lava_Beast,,,,,,
1069,Lava_Monster,,,,,,
1070,Zombie_head,,,,,,
1071,Wintertoad,,,,,,
1072,Plague_Frog,,,,,,
1073,Swamp_Frog,,,,,,
1074,Cuthbert,,,,,,
1075,Zorya,,,,,,
1076,Lola,,,,,,
1077,Rabbit_Caerbannog,,,,,,
1078,Chocolate_Rabbit,,,,,,
1079,Harvey,,,,,,
1080,Easter_Bunny,,,,,,
1081,War_Bunny,,,,,,
1082,Rabbit_Stalker,,,,,,
1083,Rabbit_Elder_Stalker,,,,,,
1084,Chicken_Frank,,,,,,
1085,Chicken_Death,,,,,,
1086,Chicken_War,,,,,,
1087,Chicken_Pestilence,,,,,,
1088,Chicken_Famine,,,,,,
1089,Frogeel_Crystalline,,,,,,
1090,Frogeel_Seeker,,,,,,
1091,Frogeel_Corporeal,,,,,,
1092,Frogeel_Tzhaar,,,,,,
1093,Frogeel_Abyssal,,,,,,
1094,Frogeel_Reanimated,,,,,,
1095,Frogeel_Strykewyrm,,,,,,
1096,Frogeel_Snow,,,,,,
1097,Frogeel_Trial,,,,,,
1098,Frogeel_Melee,,,,,,
1099,Frogeel_Magic,,,,,,
1100,Frogeel_Ranged,,,,,,
1101,Frogeel_Sane,,,,,,
1102,Frogeel_Prince,,,,,,
1103,Frogeel_Princess,,,,,,
1104,Corrupted_Beast,,,,,,
1105,Molanisk,,,,,,
1106,Duckatrice,,,,,,
1107,Scarab,,,,,,
1108,Scarab_Giant,,,,,,
1109,Scarab_Agile_Form,,,,,,
1110,Akkha,,,,,,
1111,Tumekens_Warden_Mega_Form,,,,,,
1112,Poop_Rock,,,,,,
1113,Baboon_Brawler_Form,,,,,,